{
  "model": "Gradient Boosting",
  "accuracy": 0.8445,
  "precision": 0.6030042918454935,
  "recall": 0.6904176904176904,
  "f1": 0.6437571592210768,
  "roc_auc": 0.8673835622988165,
  "cv_roc_auc_mean": 0.8621217169685078,
  "cv_roc_auc_std": 0.006903269221375231,
  "threshold": 0.2647375272385254
}